date,time,signal,conf,entry,pnl,exit,win,f1_macd,f2_qqq,f3_add,f4_spy5,f5_spy1
2026-05-11,07:41 PT,BUY,5/5,738.97,0.02,TIME,True,True,True,True,True,True
2026-05-11,07:44 PT,BUY,5/5,738.94,0.115,TIME,True,True,True,True,True,True
2026-05-11,07:51 PT,BUY,5/5,739.415,0.135,TIME,True,True,True,True,True,True
2026-05-11,07:54 PT,BUY,5/5,739.79,-0.14,TIME,False,True,True,True,True,True
2026-05-12,07:39 PT,BUY,5/5,734.64,-0.04,TIME,False,True,True,True,True,True
2026-05-12,07:53 PT,BUY,5/5,734.175,-0.36,TIME,False,True,True,True,True,True
2026-05-12,08:07 PT,BUY,5/5,733.95,-0.41,TIME,False,True,True,True,True,True
2026-05-13,07:35 PT,BUY,5/5,738.63,-0.6648,SL,False,True,True,True,True,True
2026-05-13,07:52 PT,BUY,5/5,738.655,0.045,TIME,True,True,True,True,True,True
2026-05-13,07:55 PT,BUY,5/5,738.94,0.155,TIME,True,True,True,True,True,True
2026-05-13,08:00 PT,BUY,5/5,739.095,-0.115,TIME,False,True,True,True,True,True
2026-05-13,08:03 PT,BUY,5/5,739.265,-0.3,TIME,False,True,True,True,True,True
2026-05-14,07:37 PT,BUY,5/5,746.4,0.36,TIME,True,True,True,True,True,True
2026-05-14,07:41 PT,BUY,5/5,746.82,0.27,TIME,True,True,True,True,True,True
2026-05-14,07:44 PT,BUY,5/5,746.97,0.255,TIME,True,True,True,True,True,True
2026-05-14,07:50 PT,BUY,5/5,747.45,-0.0099,TIME,False,True,True,True,True,True
2026-05-15,07:38 PT,BUY,5/5,742.21,-0.2601,TIME,False,True,True,True,True,True
2026-05-15,08:09 PT,BUY,5/5,741.32,-0.6672,SL,False,True,True,True,True,True
2026-05-18,07:42 PT,BUY,5/5,738.54,-0.6647,SL,False,True,True,True,True,True
2026-05-18,07:51 PT,BUY,5/5,738.44,-0.33,TIME,False,True,True,True,True,True
2026-05-18,07:57 PT,BUY,5/5,738.46,-0.6646,SL,False,True,True,True,True,True
2026-05-18,08:00 PT,BUY,5/5,738.82,-0.6649,SL,False,True,True,True,True,True
2026-05-19,07:30 PT,BUY,5/5,732.75,-0.25,TIME,False,True,True,True,True,True
2026-05-19,07:36 PT,BUY,5/5,732.835,0.3,TIME,True,True,True,True,True,True
2026-05-19,07:39 PT,BUY,5/5,733.005,-0.245,TIME,False,True,True,True,True,True
2026-05-19,07:42 PT,BUY,5/5,733.27,-0.6599,SL,False,True,True,True,True,True
2026-05-19,07:56 PT,BUY,5/5,732.54,0.879,TP,True,True,True,True,True,True
2026-05-19,07:59 PT,BUY,5/5,733.16,0.23,TIME,True,True,True,True,True,True
2026-05-19,08:02 PT,BUY,5/5,733.28,-0.4951,TIME,False,True,True,True,True,True
2026-05-19,08:09 PT,BUY,5/5,733.26,0.2995,TIME,True,True,True,True,True,True
2026-05-20,07:30 PT,BUY,5/5,738.51,-0.6647,SL,False,True,True,True,True,True
2026-05-20,07:53 PT,BUY,5/5,738.78,0.3199,TIME,True,True,True,True,True,True
2026-05-20,07:56 PT,BUY,5/5,739.21,0.19,TIME,True,True,True,True,True,True
2026-05-21,07:30 PT,BUY,5/5,738.97,-0.6651,SL,False,True,True,True,True,True
2026-05-21,07:35 PT,BUY,5/5,738.71,-0.5201,TIME,False,True,True,True,True,True
2026-05-21,07:38 PT,BUY,5/5,739.08,-0.6652,SL,False,True,True,True,True,True
2026-05-21,07:42 PT,BUY,5/5,738.7,-0.6648,SL,False,True,True,True,True,True
2026-05-21,07:54 PT,BUY,5/5,738.59,0.3199,TIME,True,True,True,True,True,True
2026-05-21,07:58 PT,BUY,5/5,739.17,-0.6653,SL,False,True,True,True,True,True
2026-05-22,07:30 PT,BUY,5/5,745.635,0.315,TIME,True,True,True,True,True,True
2026-05-22,07:33 PT,BUY,5/5,745.795,0.44,TIME,True,True,True,True,True,True
2026-05-22,07:36 PT,BUY,5/5,746.28,0.08,TIME,True,True,True,True,True,True
2026-05-22,07:56 PT,BUY,5/5,746.44,0.2899,TIME,True,True,True,True,True,True
2026-05-22,08:01 PT,BUY,5/5,746.73,0.1201,TIME,True,True,True,True,True,True
2026-05-22,08:05 PT,BUY,5/5,747.01,-0.02,TIME,False,True,True,True,True,True
2026-05-22,08:09 PT,BUY,5/5,747.05,-0.02,TIME,False,True,True,True,True,True
2026-05-26,07:37 PT,BUY,5/5,752.04,-0.06,TIME,False,True,True,True,True,True
2026-05-27,07:35 PT,BUY,5/5,750.371,0.629,TIME,True,True,True,True,True,True
2026-05-27,07:38 PT,BUY,5/5,750.77,-0.1,TIME,False,True,True,True,True,True
2026-05-27,08:07 PT,BUY,5/5,749.92,-0.1,TIME,False,True,True,True,True,True
2026-05-27,08:10 PT,BUY,5/5,750.115,-0.6751,SL,False,True,True,True,True,True
2026-05-28,07:52 PT,BUY,5/5,752.68,-0.0699,TIME,False,True,True,True,True,True
2026-05-28,07:56 PT,BUY,5/5,752.89,0.59,TIME,True,True,True,True,True,True
2026-05-28,07:59 PT,BUY,5/5,752.88,0.8601,TIME,True,True,True,True,True,True
2026-05-28,08:03 PT,BUY,5/5,753.615,-0.125,TIME,False,True,True,True,True,True
2026-05-29,07:30 PT,BUY,5/5,756.67,-0.12,TIME,False,True,True,True,True,True
2026-05-29,07:34 PT,BUY,5/5,756.91,-0.6812,SL,False,True,True,True,True,True
2026-05-29,07:51 PT,BUY,5/5,755.8,0.907,TP,True,True,True,True,True,True
2026-05-29,07:56 PT,BUY,5/5,756.395,-0.045,TIME,False,True,True,True,True,True
2026-05-29,08:06 PT,BUY,5/5,756.4,0.63,TIME,True,True,True,True,True,True
2026-05-29,08:10 PT,BUY,5/5,756.88,0.52,TIME,True,True,True,True,True,True
2026-06-01,07:43 PT,BUY,5/5,755.88,0.065,TIME,True,True,True,True,True,True
2026-06-01,07:59 PT,BUY,5/5,755.655,0.125,TIME,True,True,True,True,True,True
2026-06-01,08:02 PT,BUY,5/5,755.78,0.3799,TIME,True,True,True,True,True,True
2026-06-01,08:05 PT,BUY,5/5,755.997,-0.1022,TIME,False,True,True,True,True,True
2026-06-02,07:33 PT,BUY,5/5,758.48,0.16,TIME,True,True,True,True,True,True
2026-06-02,07:36 PT,BUY,5/5,758.75,-0.1731,TIME,False,True,True,True,True,True
2026-06-02,07:43 PT,BUY,5/5,758.77,0.24,TIME,True,True,True,True,True,True
2026-06-02,07:49 PT,BUY,5/5,759.26,0.29,TIME,True,True,True,True,True,True
2026-06-02,08:08 PT,BUY,5/5,760.09,-0.2,TIME,False,True,True,True,True,True
2026-06-03,07:31 PT,BUY,5/5,756.87,-0.415,TIME,False,True,True,True,True,True
2026-06-03,07:43 PT,BUY,5/5,756.78,-0.6811,SL,False,True,True,True,True,True
2026-06-03,08:00 PT,BUY,5/5,756.22,-0.21,TIME,False,True,True,True,True,True
2026-06-03,08:03 PT,BUY,5/5,756.51,-0.29,TIME,False,True,True,True,True,True
2026-06-03,08:10 PT,BUY,5/5,756.44,-0.49,TIME,False,True,True,True,True,True
2026-06-04,07:46 PT,BUY,5/5,754.17,-0.6788,SL,False,True,True,True,True,True
2026-06-04,07:57 PT,BUY,5/5,754.115,0.455,TIME,True,True,True,True,True,True
2026-06-04,08:00 PT,BUY,5/5,754.52,0.1302,TIME,True,True,True,True,True,True
2026-06-04,08:06 PT,BUY,5/5,754.785,0.725,TIME,True,True,True,True,True,True
2026-06-04,08:09 PT,BUY,5/5,755.37,0.195,TIME,True,True,True,True,True,True
2026-06-05,07:33 PT,BUY,5/5,749.991,0.209,TIME,True,True,True,True,True,True
2026-06-05,07:36 PT,BUY,5/5,750.57,-0.6755,SL,False,True,True,True,True,True
2026-06-05,07:56 PT,BUY,5/5,749.7,-0.25,TIME,False,True,True,True,True,True
